author_name,Gender,Gender Probability
Fei Wu,male,1.0
Guangda Huzhang,male,1.0
Yunfei Niu,male,0.71
Hongbo Fu,male,0.84
Francesco Ricca,male,1.0
Luiz Chaimowicz,male,1.0
Yilin Shen,female,0.95
Han Liu,male,0.62
Cecilia Mascolo,female,1.0
Ke Tang,male,0.84
Tsu-Ching Hsiao,unknown,0.0
Yolanda E-Martín,female,0.99
Heng Tao Shen,male,0.84
Guillaume Infantes,male,1.0
Yang Li,female,0.63
Mohan Sridharan,male,0.99
Bin Liu,male,0.95
Yue Hu,female,0.67
Shaoting Zhang,female,0.54
Yuchen Zhou,male,0.53
Donald Metzler,male,1.0
Zhishan Guo,female,0.55
Pascal Bercher,male,0.99
Quanxue Gao,female,0.87
Kunpeng Zhang,male,0.98
Brian Hsi-Lin Ho,male,1.0
Manqing Dong,female,0.91
Yuetan Lin,male,1.0
Bo Yang,female,0.5
Victor R. Lesser,male,1.0
Guy Shani,male,1.0
Haiyang Wu,male,0.88
Jiawei He,male,0.75
Grigorios Tsoumakas,male,1.0
Yanyan Lan,female,0.82
Xiaopeng Li,male,0.88
Phokion G. Kolaitis,unknown,0.0
Guangzhong Sun,male,1.0
Jianjun Ge,male,0.95
Baocai Yin,male,1.0
Ningning Jia,female,0.87
Zheyuan Ryan Shi,male,0.92
Dawn Song,female,1.0
Kai Liu,male,0.91
Shiva Prasad Kasiviswanathan,male,0.78
Young Lee,male,0.83
Yong Qin,male,0.6
Jie Li,female,0.86
Lei Shu,female,0.53
Lei Song,male,1.0
Yury Maximov,male,0.61
Yunpu Ma,male,0.67
Jianbin Tang,male,0.96
Li He,female,1.0
Tiejian Luo,male,1.0
Michael Thielscher,male,1.0
Hongchang Shan,male,1.0
Chen Qian,male,0.81
Pengzhen Ren,male,1.0
Qingyao Wu,female,0.57
Zhou Cheng,male,1.0
Teppo Mikael Niinimäki,male,0.99
Yuhao Yi,male,0.95
Salomé Eriksson,female,0.98
Meghyn Bienvenu,female,1.0
Jian Zhao,male,0.86
Jing Yang,male,0.97
Sanjay Modgil,male,0.99
Jing Tang,male,0.67
Shu Xiang,female,0.67
Ariel Rosenfeld,male,0.83
Brian Charles Williams,male,1.0
Ian Miguel,male,1.0
Richa Singh,female,0.57
Mengdan Zhang,female,0.93
Seung-won Hwang,male,0.94
Denis Deratani Mauá,male,0.94
Max Schröder,male,0.99
Pengfei Xu,male,1.0
Lefei Zhang,female,0.62
Ljupco Kocarev,male,0.98
Haoyi Xiong,male,0.67
Yunwei Zhao,male,0.53
Jian Yang,male,1.0
Aishi Li,female,0.89
Yingtao Tian,male,0.62
Pengfei Jiao,male,0.95
Minhao Cheng,male,0.98
Joakim Gustafson,male,1.0
Shijie Li,male,0.81
Atsunori Kanemura,male,1.0
Satoshi Yagi,male,1.0
Yingke Chen,female,0.5
Hongchang Gao,male,1.0
Hong Shi,female,0.5
Yuichi Yoshida,male,0.99
Wangsu Hu,male,1.0
Dale Schuurmans,male,0.93
Yuqing Ma,female,0.82
Jirí Svancara,male,0.97
Tomoharu Iwata,male,1.0
Stephen Kelly,male,1.0
Ruining He,female,0.71
Shun Zhang,female,1.0
Longbing Cao,male,1.0
Hang Ma,female,0.83
Kurt Keutzer,male,1.0
Guoqing Jin,male,0.97
Nicolas Szczepanski,male,1.0
Nanyun Peng,female,1.0
Zijun Deng,male,0.88
Ali Mert Ertugrul,male,0.98
Shin'ichi Satoh,male,1.0
Zhe Li,male,1.0
Rica Gonen,female,0.88
Mario Schmautz,male,0.99
Jie Zhang,male,0.52
Antonella Guzzo,female,0.99
Stephan Gocht,male,1.0
Wanjie Sun,male,0.58
Wei Zhang,male,1.0
Feng-Lin Li,unknown,0.0
Wolfgang Minker,male,1.0
Haotian Cui,male,0.93
Hao Wu,male,1.0
Yun Xiao,female,0.5
Jonathan P. Rowe,male,1.0
Mausam,male,0.79
Yves Lespérance,male,0.98
Charlie Ann Page,male,0.85
Xinghao Ding,male,1.0
Ling Shao,female,0.81
Yuying Li,female,0.93
Nadia Creignou,female,0.99
Markus Brill,male,1.0
Bistra Dilkina,female,0.97
Shenghuo Zhu,male,0.75
Nan Li,female,1.0
Dusan Knop,male,1.0
Thomas Linsbichler,male,1.0
Peng Yang,male,1.0
Daniel S. Yeung,male,0.99
Yue Pang,female,0.67
Yao Zhao,male,0.9
Yanfang Ye,female,0.97
Steven James,male,1.0
Jaegul Choo,male,1.0
Zhenxin Fu,male,0.78
Naren Ramakrishnan,male,0.97
Yuanjie Zheng,male,0.65
Beatrice Rossi,female,0.99
Xing Hu,male,0.59
Yalin Wang,male,0.78
Yifan Yang,male,0.56
Haiyan Yin,female,0.92
Xin Zhao,male,0.8
Yinan Li,female,0.54
Stefano Ermon,male,1.0
Christophe Lecoutre,male,1.0
Zhouxia Wang,female,1.0
Hui Guo,female,0.88
Zhou Zhao,male,0.6
Zhengdong Lu,male,1.0
Xiaoming Jin,male,0.79
Gianluigi Greco,male,1.0
Zan Wang,male,0.71
Theresa Csar,female,1.0
Tiezhu Sun,male,0.87
Min Liu,male,0.56
Nisarg Shah,male,1.0
Ruiping Li,female,0.59
Zied Bouraoui,male,0.98
Jan Maly,male,0.89
Chongxuan Li,male,0.67
Giacomo Boracchi,male,1.0
Cho-Jui Hsieh,unknown,0.0
Manuel Cebrián,male,0.99
Felix Leibfried,male,0.99
Jing Wang,female,0.78
Joydeep Biswas,male,0.98
Yingzi Ou,female,0.91
Andrew Sutton,male,1.0
Jiyi Li,female,0.54
Yuyu Huang,female,0.64
Sanjoy Dey,male,1.0
Nimrod Talmon,male,0.99
Francesco Corcoglioniti,male,1.0
John F. Canny,male,1.0
Vijay Keswani,male,0.99
Wenzhong Li,male,0.98
Wei Zhang,male,1.0
David Hallac,male,1.0
Yijun Huang,female,0.54
Hanwang Zhang,male,1.0
Tansel Uras,male,0.87
Cynthia Matuszek,female,1.0
Ke Song,male,0.84
Feng Tian,male,1.0
Zhihui Jin,male,0.55
Tiago Mota,male,1.0
Susan Ostmo,female,1.0
Qiang Yang,male,1.0
Sanjit A. Seshia,male,0.98
Hady W. Lauw,male,0.88
Guodong Long,male,0.98
Paula Daniela Chocron,female,0.99
Christian Bessiere,male,0.99
Huchuan Lu,unknown,0.0
Thao Le Minh,female,0.8
Xiaoyu Du,female,0.69
David M. Pennock,male,1.0
Michael G. Madden,male,1.0
Elliot Salisbury,male,0.98
Jun Suzuki,male,0.85
J. Peter Campbell,male,1.0
Haoli Bai,female,0.59
Arjun Guha,male,0.98
Jakob Nordström,male,1.0
Son Tran,male,0.7
Songlei Jian,male,0.86
Ying Ding,female,0.88
Bradley Oosterveld,male,1.0
Yongxin Wang,male,0.59
Hao Peng,male,0.75
Octavian Udrea,male,1.0
Jie Hu,male,0.52
Leslie Pack Kaelbling,female,0.83
Xia Zheng,male,1.0
Chenhui Zhang,male,0.73
Ruoyu Li,male,0.52
Wanli Ouyang,male,0.71
Jordi Grau-Moya,male,0.99
Li Sun,female,1.0
David Yun Dai,male,1.0
Cheng Deng,male,0.63
Pierfrancesco Veltri,male,1.0
Weixiong Zhang,male,0.96
ThaiBinh Nguyen,male,0.73
Thomas Lukasiewicz,male,1.0
Nishant Gurrapadi,male,1.0
Mengli Cheng,female,0.9
Hong Xie,male,0.59
George H. L. Fletcher,male,0.99
Yongjie Yang,male,0.92
Jun-Kun Chen,unknown,0.0
Ofer Meshi,male,0.97
Jun-Yan Zhu,male,0.8
Khaled Belahcène,male,0.98
Xinxiao Wu,male,0.64
Thomas Kirste,male,1.0
Bao Sheng Loe,male,0.69
Dapeng Liu,male,1.0
Mathieu Roche,male,0.99
Hai Wan,female,1.0
Qianrong Zhou,female,1.0
Pi-Cheng Hsiu,unknown,0.0
Antonín Kucera,male,1.0
Arun Iyengar,male,0.99
Michael Baeriswyl,male,1.0
Yue Hu,female,0.67
Tao Shen,male,1.0
Hyojin Bahng,female,0.79
Pierre Schaus,male,0.99
Antonella Poggi,female,0.99
Keze Wang,female,0.71
Guohui Xiao,male,0.92
Li Zhong,male,1.0
Kush R. Varshney,male,0.98
Jianxin Wu,male,0.87
Sih-Pin Lai,unknown,0.0
Wei Ji,male,1.0
Rupert Freeman,male,1.0
Bita Banihashemi,female,0.93
Marta Kwiatkowska,female,0.99
Cheng Luo,male,0.63
Marie D. Manner,female,0.99
Yuanrong Xu,male,0.56
Antonius Weinzierl,male,0.99
Diptikalyan Saha,unknown,0.0
Nitesh V. Chawla,male,0.99
Duc-Trong Le,unknown,0.0
Minsu Ahn,male,0.91
Amin Jaber,male,1.0
Min Wang,male,1.0
Malte Helmert,male,0.99
Jiangchao Yao,male,1.0
Lingxiao Huang,male,0.51
Jyh-Shing Roger Jang,unknown,0.0
Weichao Mao,male,0.94
Barnaby Martin,male,0.99
Ali Borji,male,0.95
Yizheng Zhao,male,0.51
Marco Rospocher,male,1.0
Peter J. Stuckey,male,1.0
Brian Logan,male,1.0
Chi Zhang,male,0.55
Shirui Pan,female,0.56
Shital Shah,female,1.0
Katarzyna Budzynska,female,0.99
Takashi Miyazaki,male,1.0
Weixue Lu,female,0.64
Claudiu Musat,male,0.99
Bingbing Ni,female,0.79
Chao Bian,male,0.83
Olaf Hartig,male,0.99
Wuhao Zhang,male,1.0
Benyou Wang,male,0.97
Warren He,male,1.0
Saheb Chhabra,male,0.97
Yang Wei,male,1.0
Jiawen Wu,female,0.8
Tianqi Zhao,male,0.5
Xiao Ding,male,1.0
Xiaochun Cao,female,0.51
Ying Nian Wu,female,0.59
Ping Luo,female,0.61
Zhimou Yang,male,1.0
Kentaro Yahiro,male,1.0
Kamalakar Karlapalem,male,0.98
Kun Bai,male,0.78
Xuanhui Wang,female,0.88
Chen Zhu,female,1.0
Xin Yang,male,0.75
Samuel Kolb,male,0.99
Chao Feng,male,1.0
Yuxuan Du,male,0.52
Piotr Skowron,male,1.0
Jianhuang Lai,male,1.0
Hongshen Chen,male,0.92
Alessio Lomuscio,male,0.99
Manuel Mauro,male,1.0
Yufeng Li,male,0.73
Anan Liu,male,0.64
Zheng Wang,male,1.0
Patric Jensfelt,male,0.96
Chang Xu,male,0.91
Maximilian Fickert,male,1.0
Ryan Hayward,male,0.99
Alejandro Moreo Fernández,male,1.0
Vincenzo Auletta,male,1.0
Jing Jiang,male,1.0
Karina Vold,female,0.99
Paola Velardi,female,0.99
Marcus Hutter,male,1.0
Zaïd Harchaoui,male,0.96
Xiao Zhang,male,0.67
Benjamin C. M. Fung,male,1.0
Labinot Bajraktari,male,0.98
Chuxu Zhang,male,1.0
Christopher Kiekintveld,male,1.0
Sheng-Jun Huang,male,1.0
Tomasz Was,male,1.0
Yun Wang,female,0.62
Weiwei Wu,female,0.7
Owen Rouillé,male,0.99
Lujun Zhao,male,0.8
Zhenjie Zhang,male,0.85
Shromona Ghosh,female,1.0
Kwok-Yan Lam,unknown,0.0
Yongxing He,male,0.88
Stratis Limnios,male,0.99
Angélica González Arrieta,female,0.99
Zejian Li,male,0.92
Augusto B. Corrêa,male,0.7
Frank Wolter,male,1.0
Zili Zhang,male,0.56
Giuseppe Perelli,male,0.99
Giorgio Lucarelli,male,0.99
Joyce Y. Chai,female,0.99
Bo Du,male,0.77
Dongcheng Zhao,male,0.91
Lanbo She,male,0.77
Chun Yuan,male,0.76
Alan F. T. Winfield,male,1.0
Wanqi Yang,female,0.89
Yijia Chen,female,0.76
Karel Horák,male,0.96
Lu Zhang,female,1.0
Tuan-Anh Nguyen Pham,male,1.0
Bob Zhang,male,0.99
Tiago Vaquero,male,1.0
Steven Skiena,male,1.0
Tobias Schnabel,male,1.0
Tianbao Yang,male,0.89
Xu Tan,male,0.61
Cristian Molinaro,male,0.99
Stefano Faralli,male,1.0
Shaolei Wang,male,0.92
Roberto Posenato,male,1.0
Stan Z. Li,male,0.98
Wei Zhao,male,0.67
Derek R. Magee,male,1.0
Birte Glimm,female,0.98
Dandan Li,female,0.58
Xiang Zhang,male,0.9
Weiwei Liu,female,0.7
Weiran Shen,female,0.58
Zhongbao Zhang,male,0.91
Weiming Li,male,0.94
Nisheeth K. Vishnoi,male,0.88
Luc De Raedt,male,0.99
Aytunc Sahin,male,0.97
Omar El Farouk Bourahla,male,0.98
Yuanyu Wan,female,0.55
Bin Wang,male,0.95
Quan-Sen Sun,female,0.51
Marius Lindauer,male,0.99
Yi He,male,0.75
Ziru Xu,female,0.62
Yuchao Sun,male,0.86
Boyan Xu,male,0.99
Zhen Cui,male,0.85
Guangcan Liu,male,1.0
Odile Papini,female,0.99
Zhongzhi Zhang,male,1.0
Sen Su,female,0.75
William Vega-Brown,male,1.0
Yuxiang Zhang,male,0.83
Ming Zhou,male,0.67
Suhua Wei,female,0.89
Frank Hutter,male,1.0
John C. S. Lui,male,1.0
Glenn Wagner,male,1.0
Hiroyuki Toda,male,1.0
Hanmo Wang,male,0.87
Torsten Schaub,male,1.0
Fei Fang,female,1.0
Cheng-Lun Peng,male,1.0
Bing Qin,male,1.0
Judea Pearl,female,0.64
Felix Thömmes,male,0.99
Neal Gupta,male,1.0
Xiang-Rong Sheng,unknown,0.0
Ralf Möller,male,1.0
André Hernich,male,0.99
Roman Kontchakov,male,0.99
Hui Cheng,female,0.95
Liwei Qiu,male,0.66
Meredith Ringel Morris,female,0.98
Yuquan Le,male,0.84
Ziye Tang,female,0.52
Bo Dai,male,0.77
Przemyslaw Palka,male,1.0
Anna Helena Reali Costa,female,0.99
Dongqing Zou,female,0.6
Shourya Roy,male,0.99
Ruichu Cai,male,1.0
Wei Shen,male,0.98
Tyrone Strangway,male,1.0
Xuanbei Wang,unknown,0.0
Jie Hou,male,0.52
Qinghua Hu,male,0.54
Predrag Radivojac,male,1.0
Xinzhong Zhu,male,0.95
Danyang Sun,female,0.68
Hao Yu,male,0.77
Min Yang,male,0.67
Simone Paolo Ponzetto,female,0.57
Shafiq R. Joty,female,0.57
Xiang Li,male,0.67
Takayuki Kawabata,male,1.0
Depeng Jin,male,0.92
Tat-Seng Chua,unknown,0.0
Cong Lei,female,0.53
Fan Yang,female,0.76
Xiaowei Guo,female,0.52
Tan Yan,female,0.75
Song Zuo,male,0.65
Qiao Zhang,female,0.7
Siyi Li,female,0.81
Seong-Whan Lee,unknown,0.0
Zhong Qian,female,1.0
Swetasudha Panda,unknown,0.0
Marco Maratea,male,1.0
Haibin Wang,female,1.0
Qiang He,male,0.95
Yue Deng,female,0.67
Yuchen Guo,male,0.53
Taiki Todo,male,0.99
Daniel Fiser,male,0.99
Jie Zhang,male,0.52
Ming Li,female,0.7
Zhiming Zhou,male,0.95
Keke He,female,0.59
Emiliano Lorini,male,0.99
Hakjoo Oh,male,0.67
Linli Xu,female,0.93
Bin Li,male,1.0
Heng Huang,male,1.0
Shunda Suo,female,0.96
Jinjin Chi,female,0.68
Sarath Sreedharan,male,0.97
Shiliang Pu,male,0.91
Bin Li,male,1.0
Dingyi Fang,male,0.68
Christian Sohler,male,0.99
Donghwa Shin,male,0.79
Hossein Khani,male,0.99
Zhuoshu Li,female,0.5
Yining Wang,female,0.81
Kyle Yingkai Gao,male,0.99
Zhen Peng,male,0.67
Yishay Mansour,male,0.98
Patrick Loiseau,male,1.0
Anastasios Noulas,male,1.0
Ajay A. Deshpande,male,0.99
Xianggen Liu,male,1.0
Hao Wang,male,1.0
Alexander V. Kononov,male,1.0
Fabio Gramazio,male,1.0
Robert Hannaford,male,1.0
Yi-Dong Shen,unknown,0.0
Xin Liu,female,0.64
Chunhui Jiang,male,0.66
Sinong Wang,female,0.5
Yingkai Li,male,0.96
Sophie Pinchinat,female,0.99
Wanqing Zhao,female,0.85
Marina De Vos,female,0.99
Mengchen Zhao,female,0.71
Elizabeth Bondi,female,1.0
Massih-Reza Amini,male,0.71
Oleg Maksimov,male,1.0
J. Ricardo Lopez-Delgado,male,1.0
Alon Cohen,male,0.96
Yuexian Hou,female,0.82
Weihao Yu,male,0.99
Bing Li,male,0.8
Filipe Pereira,male,1.0
Wei Liu,male,0.69
Thomas S. Huang,male,1.0
Yan Liu,female,0.5
Daniel Gnad,male,0.99
Hsin-Wei Hsiao,male,0.71
Nannan Wang,female,0.75
Menglei Hu,female,0.61
Srijita Das,female,0.96
Lei Zhang,female,0.53
Houqiang Li,male,1.0
Sergio Flesca,male,1.0
Hau Chan,male,1.0
Ning Xu,female,0.72
Boris Motik,male,0.99
Sutanu Chakraborti,male,0.93
Stratis Ioannidis,male,0.99
Natasha Alechina,female,0.99
Andrea Esuli,female,0.69
Yansong Feng,male,0.88
Mehrdad Farajtabar,male,0.99
Ferran Alet,female,0.9
Yi-Hsiang Chang,male,0.77
Sheng Tang,female,0.67
Yada Zhu,female,0.7
Bing Liu,male,0.8
Ruotian Luo,male,0.58
Wei Cui,male,0.69
Yanmin Zhu,female,0.67
Loris Bozzato,male,0.96
Muhao Chen,male,1.0
Jeffrey O. Kephart,male,1.0
Chau Thuan,male,0.77
Sebastian A. Scherer,male,1.0
Emma Brunskill,female,0.97
Wen-Ji Zhou,female,1.0
Egor V. Kostylev,male,0.99
Antoine Cornuéjols,male,0.99
Mrinal Rawat,male,0.95
Yuan Zhang,male,1.0
Luigi Asprino,male,0.99
Peta Masters,female,0.86
C. Maria Keet,female,0.99
Prasad Tadepalli,male,0.99
Topi Talvitie,male,0.92
Lintao Zhang,male,0.97
Hironori Yoshida,male,1.0
Yuanjie Li,male,0.65
Vania Dimitrova,female,0.98
Liangliang Shi,male,0.76
Xiaobo Wang,male,0.83
David Keetae Park,male,1.0
Feiwu Yu,male,0.8
Xiaoqiang Lu,male,0.97
Huang Xu,male,0.91
Satinder Singh,male,1.0
Jesús Giráldez-Cru,male,0.98
Weinan Zhang,male,0.83
Dongfang Du,male,0.51
Xiao Lu,female,0.9
Bruno Yun,male,1.0
Yevgeniy Vorobeychik,male,1.0
Wenzhuo Yang,male,0.64
Djallel Bouneffouf,male,0.99
Guangyue Xu,male,0.63
Zoran Obradovic,male,1.0
Bettina Fazzinga,female,0.99
Ren Qi,male,0.85
Xiaoying Zhang,female,0.95
Qiang Liu,male,0.95
Qiguang Miao,male,1.0
Jiajun Zhang,male,0.91
Xiaocheng Feng,male,0.75
Zihe Wang,male,0.58
Peizhi Wu,male,0.6
Irina Trubitsyna,female,0.99
Darlene Woo,female,1.0
Shichao Cheng,male,0.86
Ioanna Symeonidou,female,0.99
Tomasz P. Michalak,male,1.0
Min Chi,female,0.5
Dakuan Zhao,male,1.0
Shuwen Xiao,female,0.83
Rina Dechter,female,0.98
Berthe Y. Choueiry,female,0.94
Tong Wei,male,0.67
Hongfei Fu,male,0.78
Vincent W. S. Tseng,male,0.99
Weiquan Liu,male,0.94
Nastaran Okati,female,0.98
Qian Zheng,male,0.81
Zhongjian Lv,male,1.0
Wenhui Li,female,0.55
Mark Valovage,male,1.0
Giuseppe Contissa,male,0.99
Gianluca Brero,male,1.0
Thomas Eiter,male,1.0
Philip S. Thomas,male,1.0
Erez Karpas,male,0.99
Qiang Fu,male,0.95
Junshan Wang,male,0.8
Jivko Sinapov,male,0.99
Johannes Peter Wallner,male,1.0
Peng Cui,male,0.92
Hongyuan Zhu,male,0.84
Ziv Epstein,male,0.9
Hongjun Wang,male,0.9
Nicolas Maudet,male,1.0
Arvind Iyer,male,0.99
Zhongwen Xu,male,0.83
Panagiotis Kouvaros,male,1.0
Xin Luo,female,0.64
Shiyu Chang,female,0.68
Lei Wang,female,0.53
Ashish Kapoor,male,1.0
Liang Jiang,male,0.92
Yongkun Wang,male,0.94
Martin Koutecký,male,0.99
Michele Flammini,female,0.54
Yang Yang,female,0.62
Le Zhang,male,0.71
MohammadTaghi Hajiaghayi,male,0.97
Xin Geng,female,0.64
Pouya Ghiasnezhad Omran,male,0.99
Yanan Sui,female,0.75
Jun Zhu,female,1.0
Rui Zhang,male,0.97
Zhenchun Pan,male,0.78
Aniket Kittur,male,1.0
Xiao Zhou,male,0.67
Yanyan Shen,female,0.82
Chengqing Zong,male,0.77
Carsten Walther,male,1.0
Julia Stoyanovich,female,0.99
Qiao Qian,male,0.81
Chaoran Huang,male,0.71
Qiong Wu,female,0.89
Ian Davidson,male,1.0
S. S. Ravi,male,0.99
Nan Wei,male,1.0
Xintong Wang,female,0.84
Xiangteng He,unknown,0.0
Renjie Zheng,male,0.89
Chuanren Liu,male,0.75
Hu Xu,male,0.91
Shifu Hou,male,0.79
Tae-San Eom,male,0.64
Nathan R. Sturtevant,male,1.0
Jun Guo,male,1.0
Manuel Lopes,male,1.0
Spyridon Samothrakis,male,1.0
Luciana Arantes,female,1.0
Zhaohua Yang,male,0.72
Chia-Wen Lin,female,0.52
Andrew R. Michaelis,male,1.0
Dandan Song,female,0.58
Hongcheng Li,male,0.88
Chao Ma,female,0.83
Tal Ze'evi,male,0.58
Reinhard Pichler,male,1.0
Guangyao Shen,male,0.98
Nesreen K. Ahmed,female,0.99
Tie-Yan Liu,unknown,0.0
Hongyi Wu,male,0.71
Guiying Li,female,0.93
Tomás Brázdil,male,1.0
Li Liu,female,0.67
Umberto Grandi,male,1.0
Elena Cabrio,female,0.99
Maxim Likhachev,male,0.99
Sebastian Ordyniak,male,1.0
Saket Saurabh,male,1.0
Atsuhiro Takasu,male,1.0
Zhenglu Yang,female,1.0
Diego Calvanese,male,1.0
Jiancheng Li,male,0.97
Matthias Uflacker,male,1.0
Hankz Hankui Zhuo,male,1.0
David Tena Cucala,male,1.0
Vu-Linh Nguyen,male,0.59
Olaf Beyersdorff,male,0.99
Luke Hunsberger,male,1.0
Ce Li,female,1.0
Yiyuan Wang,male,0.52
Li Zhou,female,1.0
Sarit Kraus,female,0.98
Jing Shi,female,1.0
Fábio Gagliardi Cozman,male,1.0
Jinye Peng,female,0.63
Jan Elffers,male,0.89
Junjie Zhao,male,0.98
Fangkai Yang,male,1.0
Bin Wang,male,0.95
Sourav Bhattacharya,male,0.98
J. Zico Kolter,male,0.97
Alex Tozzo,male,0.95
Christopher Amato,male,1.0
Abhimanyu Dubey,male,1.0
Patrick De Causmaecker,male,1.0
Heshan Du,male,0.99
Qilong Wang,male,0.98
Serena Villata,female,0.99
Marc Najork,male,1.0
Edmund H. Durfee,male,1.0
Manuela M. Veloso,female,0.99
Fei Wang,male,1.0
Bin Liang,male,0.95
Bryan Hooi,male,1.0
Huanbo Luan,male,0.95
Avani Samdariya,female,0.99
Jean-Marie Lagniez,male,0.58
Yixin Ji,female,0.93
Chunlai Zhou,male,0.55
Irwin King,male,1.0
Pu Chen,male,0.58
Lidong Bing,male,0.8
Ioana Baldini,female,0.99
Ian Howell,male,1.0
Yuyang Ye,male,0.92
Avinatan Hassidim,male,1.0
Chao Li,male,1.0
Guangming Lu,male,0.98
Jayashree Kalpathy-Cramer,female,0.99
Justin Svegliato,male,0.99
Weiping Wang,male,0.64
Yi Tu,female,0.57
Yin Wen,female,1.0
Arianna Novaro,female,1.0
Liqiang Xiao,male,0.99
Yunsong Li,male,0.67
Sven Seuken,male,1.0
Yun Liu,female,0.62
Han Wu,male,1.0
Wei Liu,male,0.69
Shaojie Shen,male,0.88
Moinul Morshed Porag Chowdhury,male,0.97
Michael P. Wellman,male,1.0
Ian A. Kash,male,1.0
Wei Cheng,male,0.88
Ximing Li,male,0.78
Sanjiang Li,male,1.0
Annemarie Borg,female,1.0
Wei Wu,male,1.0
Shanghua Gao,male,0.86
Huapeng Xu,male,1.0
Rann Smorodinsky,male,0.54
Xiangnan He,male,0.77
Ke Wang,male,0.84
Zhoujun Li,male,0.67
Sanjukta Roy,female,0.99
Libo Zhang,male,0.83
Ilya Loshchilov,male,0.97
Matjaz Gams,male,0.98
Jaewoo Kang,male,1.0
Ji Liu,male,0.75
Yuanxing Zhang,male,0.76
Joo-Hwee Lim,male,0.74
Nils M. Kriege,male,1.0
Tetsuya Sakurai,male,1.0
Wassila Ouerdane,female,0.97
Yupei Wang,female,0.64
Bo Xu,male,0.77
Adnan Darwiche,male,0.99
Hainan Zhang,male,0.7
Wenming Zheng,male,0.92
Nikolay Atanasov,male,1.0
Chiaki Sakama,female,0.94
Roie Zivan,male,0.94
Xuan Dong,female,0.61
Jing Qin,female,0.5
Dina Barak-Pelleg,female,0.98
Yueying Kao,female,0.96
Ruocheng Guo,male,1.0
Yan Xu,female,1.0
Dawei Yin,male,0.98
Gang Pan,female,1.0
Quang Pham,male,0.99
Hoai Minh Le,female,0.56
Kuang-Jui Hsu,male,0.51
Pascal Poupart,male,0.99
Anupreet Porwal,female,0.67
Fajie Yuan,male,0.86
Jonathan Poon,male,1.0
Seokjun Seo,male,1.0
Joseph Kim,male,1.0
Felipe Leno da Silva,male,1.0
Malcolm I. Heywood,male,1.0
Jiafeng Guo,male,0.75
Guowei Wang,male,0.96
Wei Zheng,male,0.94
Carlo Zaniolo,male,0.99
Thorsten Engesser,male,1.0
Eamonn J. Keogh,male,1.0
Ting Liu,female,0.66
Xueqi Cheng,female,0.87
Subbarao Kambhampati,male,0.97
Jia-Huai You,unknown,0.0
De-Chuan Zhan,unknown,0.0
Fei Yin,female,0.89
Hsuan-Kung Yang,male,0.58
Junyang Lin,male,0.91
Víctor Gutiérrez-Basulto,male,0.99
Thorsten Joachims,male,1.0
Shigeo Matsubara,male,1.0
Jonathan Laurent,male,1.0
Wei Feng,male,0.92
Yu Zheng,male,0.9
Zhongzhou Zhao,male,1.0
Rohan Chitnis,male,0.99
Xu Ouyang,male,0.91
Zenglin Xu,male,1.0
Yang Liu,male,0.58
Xiaoyu Liu,female,0.69
Francisco C. Santos,female,1.0
Guolong Wang,male,1.0
Chao Li,male,1.0
Baihua Zheng,male,0.63
Wenye Li,female,0.57
Thomas Pellissier Tanon,male,1.0
Chi-Hung Chi,male,0.96
Tristan Charrier,male,0.98
Xin Cao,female,0.64
Yu He,male,0.75
Yunzhe Tao,male,0.79
Jian Zhang,male,1.0
Sophie Tourret,female,0.99
Shuo Chen,male,0.66
Muheng Yan,male,1.0
Xiaojiang Chen,male,0.8
Zhidong Deng,male,0.91
Bihan Wen,female,0.62
Yangyang Kang,female,0.66
Ioannis Mollas,male,1.0
Hao Wu,male,1.0
Feng Zhu,female,1.0
Weiyu Cheng,male,1.0
Jia Liang,male,0.93
Zhirong Wang,male,0.8
Guiliang Liu,male,1.0
Yuxin Yuan,female,0.94
Peter A. Flach,male,1.0
Mladen Dimovski,male,0.99
Tran V. Phuong,female,0.78
Xiaoying Ren,female,0.95
Kai Zhao,male,1.0
Wensheng Zhang,male,0.94
Xianglong Liu,male,0.98
N. Alberto Borghese,male,1.0
Xinxin Wang,female,0.73
Cheng-Lin Liu,male,0.8
Feiyang Pan,male,0.56
Richard Cole,male,1.0
Mayank Vatsa,male,1.0
Dacheng Tao,male,1.0
Huazhu Fu,female,0.57
Valeria Fionda,female,0.99
Amin Ghafouri,male,0.97
Zhongyu Wei,male,0.69
Jielun Qu,male,1.0
Yi Yu,female,0.57
Avik Ray,male,1.0
Haifeng Zhang,male,0.93
Evdokia Nikolova,female,1.0
Yue Gao,female,0.67
Meng Wang,male,1.0
Giovanni Sartor,male,0.99
Xi Peng,female,0.88
Eldan Cohen,male,0.97
Zhenzhong Chen,male,0.98
Daisuke Hatano,male,1.0
Bin Zhao,male,0.95
Mo Yu,female,0.75
Xiangrui Cai,male,0.81
Yingce Xia,female,0.92
Xue Li,female,0.96
Yuan Zhong,male,1.0
Tianyi Hao,male,0.92
Chenchao Xiang,male,0.96
Leif Sabellek,male,1.0
Mingkui Tan,male,1.0
Yan Yan,female,0.87
Shlomo Zilberstein,male,0.99
Philip S. Yu,male,1.0
Hsin-Hsi Chen,unknown,0.0
Emmanuel Lonca,male,0.99
Jonathan Lawry,male,1.0
Nikolaj S. Bjørner,male,1.0
Qiaoming Zhu,female,0.67
Laurent Simon,male,1.0
Ning Xu,female,0.72
Deniz Erdogmus,male,0.59
Jérôme Lang,male,1.0
Siddhartha S. Srinivasa,male,1.0
Xiaoxiao Guo,female,0.82
Nobuyuki Shimizu,male,1.0
Amir Kafshdar Goharshady,male,0.97
Kyungjae Lee,male,0.78
C. Anantaram,male,1.0
Ian Letter,male,1.0
Shujian Yu,male,0.93
Patrick Spracklen,male,1.0
Xin-Shun Xu,male,0.91
Chao Zhang,male,0.83
Lijun Wei,female,0.65
Avinash Balakrishnan,male,1.0
Xiaoyan Yang,female,0.95
Matias Greco,male,0.99
Chang-Tien Lu,unknown,0.0
Kaichun Yao,male,0.93
Ming Li,female,0.7
Akinori Fujino,male,0.98
Kacper Sokol,male,1.0
Zhiqiang Xu,male,1.0
Wenchang Shi,male,0.86
Zhenmin Tang,male,0.68
Xinghua Jiang,male,0.67
Liron Cohen,female,0.6
Aliyah Arunasalam,female,0.98
Borhan Kazimipour,male,0.96
Huajin Tang,male,0.56
Patryk Chrabaszcz,male,1.0
Wenwu Ou,male,0.9
Hua Wang,male,1.0
Ming Hou,male,1.0
Chen Zhu,female,1.0
Thanasis Lianeas,male,1.0
Hung Vu,male,1.0
Ding Liu,male,0.64
Yuzhe Zhang,male,0.81
Xuelong Li,male,0.96
Yu Liu,female,0.51
Stefano Moretti,male,1.0
Ruoyu Chen,male,0.52
Hongteng Xu,male,0.8
Peifeng Li,male,0.74
Mingyu Xiao,male,0.66
Xiang Bai,male,0.9
Xiaojun Chen,male,0.68
Cyril Leung,male,0.99
Zairan Wang,male,0.95
Marco Pessione,male,1.0
Shuguang Zhu,male,0.94
Yanfeng Sun,male,0.76
Jiang Bian,female,0.58
Xiawu Zheng,female,1.0
Marco Longoni,male,1.0
Yu-Ming Chen,male,0.76
Tsun-Yi Yang,unknown,0.0
Fang Zhou,male,0.67
Yiqun Liu,female,0.52
Xin Li,female,0.83
Bryan Wilder,male,1.0
Chunsheng Xin,male,0.93
Qing He,male,1.0
Yunbo Wang,male,0.84
Xiaochi Wei,female,0.58
Stefano Rosa,male,1.0
Lu Yu,female,0.5
James Fennell,male,1.0
Hanrui Wu,male,0.65
Xu Sun,female,0.51
Dou Shen,male,0.57
Ran He,male,0.61
Shiyao Wang,female,0.74
Kustaa Kangas,male,1.0
James C. Lester,male,1.0
Sandya Mannarswamy,female,0.91
Todor P. Stefanov,male,0.97
Wankou Yang,male,1.0
Oskar Skibski,male,0.99
Junichiro Hirayama,male,1.0
Zhuobin Zheng,male,1.0
Simona Perri,female,0.99
Bernardo Cuenca Grau,male,1.0
Jose M. Juarez,male,0.99
Yue Wang,female,0.67
Sarvapali D. Ramchurn,unknown,0.0
Meltem Öztürk,female,1.0
Leila Amgoud,female,0.99
Nicolas Hug,male,1.0
Yuekui Yang,female,0.5
Nuno M. Garcia,male,1.0
Motoaki Kawanabe,male,1.0
Nicholas D. Lane,male,1.0
Rafael Peñaloza,male,1.0
Sanmay Das,male,0.68
Orna Kupferman,female,0.99
Xingwei Wang,male,0.79
Georgios Amanatidis,male,1.0
Kai-Wei Chang,male,0.86
Blakeley H. Payne,male,0.78
Jinyang Gao,male,0.72
Longbo Huang,male,0.92
Xiaofeng Zhu,male,0.75
Xenofon D. Koutsoukos,male,1.0
Daniel Borrajo,male,0.99
Xinyan Lu,female,0.96
Changde Du,male,1.0
Jiahao Liu,male,0.99
Qihang Lin,male,0.82
Martin Caminada,male,0.99
Ryuichi Takanobu,male,0.99
Timos Sellis,male,0.98
Jiji Zhang,female,0.79
Qi Xu,male,0.85
Buru Chang,male,0.78
Garrett Warnell,male,1.0
Dezhong Yao,male,1.0
Claire Lefèvre,female,1.0
Ihsan Ullah,male,0.96
Haochao Ying,male,1.0
Anh Tuan Luu,male,0.96
Long Zhao,male,0.96
Munindar P. Singh,male,0.91
Chongyang Tao,male,0.83
Oana Cocarascu,female,0.97
Chih-Chieh Tu,male,0.87
Yiming Wang,male,0.93
Hao Liu,male,0.87
Yaodong Yang,male,0.94
Yibo Sun,male,0.8
Chang Liu,male,0.68
Yalou Huang,female,0.6
Alexander Ihler,male,1.0
Hans-Wolfgang Micklitz,male,1.0
Wenyang Li,male,0.73
Eric Rice,male,1.0
Petr Novotný,male,0.99
Zhaopeng Tu,male,0.93
Thanassis Tiropanis,male,0.99
Lun Du,male,0.87
Rachel Kohler,female,1.0
Oliver Schulte,male,0.99
Jennifer G. Dy,female,1.0
Ray Jones,male,0.98
Min Zhang,male,0.56
Qi Tian,male,1.0
Hao Wang,male,1.0
Duong Le,male,1.0
Zijing Tan,female,0.54
Xiaojie Yuan,female,0.55
John P. Dickerson,male,1.0
Thomas Icard,male,1.0
Antonín Komenda,male,1.0
Shuai Lu,male,0.83
Dominik Wojtczak,male,0.99
Jianping Yin,male,0.7
Liu Yang,female,1.0
Junbo Zhang,male,0.95
Zhihao Liang,male,0.98
Craig Boutilier,male,1.0
Xibin Zhao,male,0.95
Yeo-Jin Kim,female,0.83
Giovanni Amendola,male,0.99
Peter Stone,male,1.0
Ho-Jung Kim,male,0.67
Mary Hemler,female,0.99
Karthik Sankaranarayanan,male,1.0
Yongkai Wu,male,0.97
Yi-Hsuan Yang,female,0.78
Xiaofang Zhou,female,0.89
Zhenzhong Chen,male,0.98
Jean Christoph Jung,male,1.0
Fan Wu,female,0.76
Tong Zhang,male,0.85
Xiaotong Zhang,female,0.83
Mingjie Li,male,0.78
Maximilian Marx,male,1.0
Xiaotian Yu,male,0.74
Shaojun Zhu,male,0.81
Jing Li,female,0.67
Shinichi Shirakawa,male,0.99
Wenhan Xiong,male,0.73
Yang Zhao,male,0.58
Aghiles Salah,male,0.97
Dieuwke Hupkes,female,1.0
Alan Fern,male,1.0
Gary Lea,male,1.0
Yi Cheng,male,0.85
Oliver Kutz,male,0.99
Dafna Shahaf,female,1.0
John Purviance,male,1.0
Hakan Karaoguz,male,0.98
David A. Salter,male,1.0
Shichang Ouyang,male,0.95
Sunil Kumar Kopparapu,male,0.99
Dazhong Shen,male,0.94
Jung-Jae Kim,male,1.0
Yahong Han,female,0.81
Pengfei Zhu,male,0.95
Yuxin Peng,female,0.94
Ancong Wu,male,1.0
Pierre Bisquert,male,0.99
Jaime Simão Sichman,male,0.96
Joel Chan,male,0.99
Francisco S. Melo,male,1.0
L. Elisa Celis,female,0.99
Georg Gottlob,male,0.99
Yiming Xu,male,0.93
Sultan Javed Majeed,male,0.78
Adrian Haret,male,0.99
Elias Bareinboim,male,0.99
Pietro Galliani,male,1.0
Robin Petering,male,0.77
Shiqiang Yang,male,0.98
Walter Fontana,male,1.0
Piji Li,male,0.81
Marco Manna,male,1.0
Mykola Pechenizkiy,male,1.0
Yuan Zong,male,1.0
Jianxun Lian,male,0.98
Paolo Torroni,male,1.0
Bo Peng,male,1.0
Jian Gao,male,0.86
Lucas Joppa,male,0.99
Kiran Garimella,male,0.61
Michael Katz,male,1.0
Jianpeng Xu,male,0.96
Kaigui Bian,male,1.0
Jiabao Cui,male,0.62
Zhang-Wei Hong,unknown,0.0
Lei Zhu,female,0.53
Minghao Hu,male,0.97
Gerhard Weikum,male,1.0
Xi Li,female,0.5
T. K. Satish Kumar,male,1.0
Zhan Shi,male,0.78
Minghui Qiu,male,0.52
Amrita Gupta,female,0.98
Yongchuan Tang,male,1.0
Qi Dou,male,0.85
Qing Li,female,0.67
Xin Miao,female,0.5
Bo Liu,male,0.77
Lizhong Ding,male,0.89
Tengfei Zhou,male,0.93
Yi Yang,male,0.97
Guibing Guo,male,0.8
Ralph Bergmann,male,1.0
Soumen Chakrabarti,male,0.98
George Katsirelos,male,0.99
Shengnan Li,female,0.88
Jingtao Ding,male,0.86
Fan Zhou,female,0.76
Catherine Tong,female,1.0
Teng Zhang,male,0.79
John W. Paisley,male,1.0
Gilles Richard,male,1.0
Fangfang Liu,female,0.97
Jiajie Wang,male,0.78
Alberto Marchesi,male,1.0
Ziyu Guan,female,0.6
Buser Say,male,0.59
Ali Zonoozi,male,0.95
Miaoqiang Su,unknown,0.0
Yiping Liu,female,0.63
Carlos Hernández,male,1.0
Ivan Miguel Pires,male,0.99
Marvin R. G. Schiller,male,0.99
Rui Abreu,male,1.0
Yongjian Wu,male,0.98
Lixin Duan,male,0.53
Wenbin Hu,male,0.95
Haifeng Chen,male,0.93
Deqiang Kong,male,1.0
Lili Zhao,female,0.97
Guiguang Ding,male,1.0
Xiao Zhang,male,0.67
Minlie Huang,male,0.75
Ming-Ming Cheng,female,0.92
Mingzhong Wang,male,0.95
Jiajun Bu,male,0.91
Yongyi Tang,male,0.67
Yan Song,male,1.0
Shuai Zhang,male,0.83
Barry Clarke,male,0.99
Kostas E. Bekris,male,0.99
Sihan Ma,female,0.54
Mishal Dholakia,male,0.86
Mark H. M. Winands,male,1.0
Zhihao Fan,male,0.98
Sheng Zhou,male,1.0
Ramakrishna R. Nemani,male,0.98
Xiaonan Luo,female,0.55
Can Wang,male,0.96
Hui Xiong,male,1.0
Manuel Bodirsky,male,0.99
Barry Smyth,male,0.99
Vaibhav V. Unhelkar,male,1.0
Jianxin Wang,male,0.87
Thanh Vinh Vo,male,0.92
Tommaso Dreossi,male,1.0
Yuxiao Guo,female,0.64
Aleksandra Mojsilovic,female,0.99
Wenhui Wang,female,0.55
Michael Albert,male,1.0
Minyi Li,female,0.85
Diego Carrera,male,1.0
Surag Nair,male,0.95
Gao Cong,male,0.95
Tianshui Chen,male,1.0
Jinpeng Huai,male,0.94
Yu-Ru Lin,female,1.0
Feng Zheng,male,0.92
Allegra De Filippo,male,1.0
Matthias Kraus,male,1.0
Qinghua Zheng,male,0.54
Francisco Flórez-Revuelta,male,1.0
Shayan Doroudi,male,0.96
Weizhi Ma,male,0.76
Gady Agam,male,0.59
Wenjun Ouyang,male,0.54
Shipra Agrawal,female,0.98
Cheng Chen,male,0.67
Yong Li,male,0.63
Jialie Shen,male,1.0
Matthew E. Woicik,male,1.0
Xiaotian Zhu,male,0.74
Ting Hua,male,0.7
Kevin Leyton-Brown,male,1.0
Lu Feng,female,0.5
Qian Zhang,male,0.81
Nathanaël Barrot,male,0.99
Beidou Wang,male,0.87
Milind Tambe,male,1.0
Zhe Wang,female,1.0
Thomas Keller,male,1.0
Cheng Wang,male,0.67
Wookhee Min,male,0.67
Jiawang Bian,male,1.0
Yu Cheng,male,0.89
Sen Wang,male,1.0
Chih-Yi Chiu,male,0.56
Alexey Ignatiev,male,1.0
Vasco Manquinho,male,0.99
Björn W. Schuller,male,1.0
Qi Meng,male,0.85
Ge Li,male,0.58
Dongyu She,male,0.7
Wei Lin,female,0.72
Aristides Gionis,male,1.0
Zhi-Jie Wang,male,0.8
Nevin L. Zhang,female,0.64
Haitham Bou-Ammar,male,0.99
Jun Yu,male,0.91
Yue Zhang,female,0.67
Marcel Steinmetz,male,0.98
Zequn Jie,male,0.8
Gong Cheng,male,1.0
Pengpeng Chen,female,0.52
Xiaojuan Ma,female,1.0
Nina Narodytska,female,0.98
Yusuke Tanaka,male,1.0
Jie Li,female,0.86
Pradeep K. Murukannaiah,male,1.0
Daniel Nikovski,male,0.99
Zixuan Ke,female,0.62
Manuel Bichler,male,0.99
Chen Liu,male,0.52
Kan Li,female,1.0
Wenqing Chen,female,0.51
Lars Kotthoff,male,1.0
Haifang Li,female,0.77
Zebang Shen,male,1.0
Sara Rouhani,female,0.98
Xi Peng,female,0.88
Chunchen Liu,male,0.76
Katharina Eggensperger,female,0.99
Mark Kaminski,male,1.0
Cong Fu,male,1.0
Veronika Thost,female,0.99
Basarab Matei,male,0.81
Wenjuan Wei,female,0.98
Masanori Yamada,male,1.0
Christian Straßer,male,0.99
Lifeng Luo,male,0.77
Jinhui Hu,male,0.69
Özgür Akgün,male,0.96
Shuming Ma,male,0.71
Lyujie Chen,male,0.52
Maoguo Gong,male,1.0
Guilin Qi,male,0.84
Pedro Manuel Pinto Ribeiro,male,0.99
Chaowei Xiao,male,0.89
Stefan Borgwardt,male,0.99
Markus Krötzsch,male,1.0
Sasha Rubin,female,0.59
Krzysztof Czarnecki,male,1.0
Ruiheng Chang,male,0.79
William K. Cheung,male,1.0
Changying Du,female,0.68
Qian Zhang,male,0.81
Amir Tamrakar,male,0.97
Susanne Biundo,female,1.0
Maxim Grechkin,male,0.99
Xiang Geng,male,0.9
Minming Li,female,0.53
Erwan Lecarpentier,male,0.99
Yongqiang Gao,male,0.99
Takeshi Kurashima,male,0.99
Fahad Islam,male,0.93
Chunyan Miao,female,0.91
Xin Li,female,0.83
Yong Zhang,male,1.0
Kang Xu,male,1.0
Lejian Liao,male,0.8
Xiao-Ya Yin,female,1.0
Sun Kim,male,1.0
Ning Li,female,1.0
Marc G. Bellemare,male,1.0
Haoyu Chen,male,0.96
Yaru Wang,female,0.71
Pingping Zhang,female,0.85
Soham Parikh,male,0.98
Sanglu Lu,unknown,0.0
Emmanuel Hebrard,male,0.99
Juncen Li,male,0.9
Fei-Peng Tian,unknown,0.0
Chang Huang,male,1.0
Polykarpos Meladianos,male,1.0
Chia-Tung Kuo,unknown,0.0
Hongming Zhang,male,0.91
Zhiqiang Li,male,1.0
Wai Lam,male,0.62
Ming Shao,male,0.75
Thayne T. Walker,male,0.92
Reza Samavi,male,0.98
Vaishak Belle,male,0.99
Minhao Shi,male,0.98
Zonghan Yang,male,1.0
Tongliang Liu,male,0.89
Steve J. Maybank,male,1.0
Anthony G. Cohn,male,1.0
Xuchao Zhang,male,0.71
The Anh Han,female,0.51
Junjun Jiang,male,0.85
Vijay Ganesh,male,0.75
Meirav Zehavi,female,1.0
Sebastian Sardiña,male,1.0
Guojie Song,male,0.79
Pengpeng Zhao,female,0.52
Jianwei Zhang,male,0.9
Xiang Wang,male,1.0
Jianxin Li,male,0.87
Lili Tao,female,0.97
Wei Chen,male,0.76
Angelo Cangelosi,male,0.99
Hen-Hsen Huang,male,0.54
Jiashi Feng,male,0.62
Gautam Kunapuli,male,0.99
Jinqiao Wang,male,0.53
Ian Horrocks,male,1.0
Furu Wei,male,0.69
Doyen Sahoo,male,0.83
Junliang Xing,male,0.97
Dongxiang Zhang,male,0.67
Jiashen Hua,male,0.92
Aixin Sun,female,0.81
Shengchuan Zhang,male,1.0
Xiaolin Zheng,female,0.63
Nannan Li,female,0.75
Chao Li,male,1.0
YooJung Choi,female,0.9
Li Gao,female,0.67
Adrián Elgyütt,male,0.99
Leonid Libkin,male,1.0
Hector Geffner,male,1.0
Kareem Al Ammari,male,0.97
Sébastien Destercke,male,1.0
Wenxiu Sun,female,0.73
Guangwen Yang,male,0.89
Chaoqun Duan,male,0.68
Andreea Hossmann,female,0.99
Xiaobai Liu,male,0.53
Raoua Abdelkhalek,female,0.97
Yisong Yue,male,0.83
Alexander Bochman,male,1.0
Meenal Chhabra,female,0.97
David L. Smyth,male,1.0
Auroop R. Ganguly,male,1.0
Ana Ozaki,female,0.92
Yuying Xing,female,0.93
Huan Liu,male,1.0
Shizhong Liao,male,0.96
Xuecai Hu,male,1.0
Wenqing Hu,female,0.51
Jiaoyang Li,female,0.79
Zhiqian Chen,female,0.52
Feng Tian,male,1.0
Durga Harish Dayapule,male,1.0
Andreas Krause,male,1.0
François Bodin,male,0.99
Yoichi Chikahara,male,1.0
Devi Ganesan,female,0.92
Tianyi Zhou,male,0.92
Padraig Cunningham,male,1.0
Sylvie Thiébaux,female,0.99
Davide Bonusi,male,1.0
Chunlei Peng,male,0.77
Kostas Daniilidis,male,0.99
Vahan Petrosyan,male,0.99
Xiachong Feng,unknown,0.0
Goran Strbac,male,1.0
Wei-Shi Zheng,male,1.0
Dan Roth,male,0.99
Pengpeng Zeng,female,0.52
Frank G. Glavin,male,1.0
Wei Wei,female,0.73
Steven C. H. Hoi,male,1.0
Lei Xiao,female,1.0
Xiaojin Gong,female,0.61
Evripidis Bampis,male,1.0
Fang Liu,female,0.73
Lianli Gao,female,0.89
Jiayi Ma,female,0.81
Chang Zhou,male,0.58
Evan Patterson,male,0.98
Guanbin Li,male,1.0
Vladimir Ilievski,male,1.0
Tengfei Ma,male,0.93
Lin Gan,female,0.67
Ling Luo,female,0.81
Feng Dai,male,0.54
Jingwei Xu,male,0.68
Vincent Ng,male,1.0
Tiancheng Shen,male,0.89
Edward Grefenstette,male,1.0
Sen Song,male,1.0
Feiyue Huang,male,0.58
Russell Stewart,male,1.0
Ziqian Zeng,female,0.63
ChengYue Gong,male,0.76
Julien Velcin,male,0.99
Bin Gu,male,0.95
Cai Xu,male,0.6
Mingjin Zhang,male,0.78
Mingfei Teng,male,0.67
Tingwen Huang,female,0.58
Kshitij P. Fadnis,male,0.99
Zhengming Ding,male,0.93
Stefano Coniglio,male,1.0
Dongdong Yang,male,0.72
Mnacho Echenim,male,1.0
Wei Wang,male,1.0
Vincent W. Zheng,male,0.99
Katja Hofmann,female,0.99
Jérémie Sublime,male,0.99
Lili Mou,female,0.97
Carla Guerra,female,1.0
Omer Lev,male,0.97
Ning Zhang,female,0.72
Karishma Sharma,female,0.99
Chengqi Zhang,male,0.73
Jianwei Lin,male,0.9
Yonghua Zhu,male,0.72
Oren Salzman,male,0.97
Xinwang Liu,male,1.0
Junjie Zhai,male,0.98
Enrico Malizia,male,1.0
Bernard Grofman,male,0.99
Sheila A. McIlraith,female,1.0
Nian-Ze Lee,unknown,0.0
Shaojun Pan,male,0.81
Erik Talvitie,male,0.99
Giuseppe Pirrò,male,0.99
Arkadii Slinko,male,0.99
Brahim Chaib-draa,male,0.98
Zhanxing Zhu,male,1.0
Zhi Qiao,female,0.5
Andy Shih,male,0.96
Shizhu He,female,0.56
Ness B. Shroff,male,0.7
Priel Levy,female,0.62
Seán Ó hÉigeartaigh,male,1.0
Wen Wang,female,0.62
David Lo,male,1.0
Christoph Schwering,male,1.0
Parisa Kordjamshidi,female,0.99
Qiang Wang,male,1.0
Jianzhuang Liu,male,1.0
Harold Soh,male,1.0
Cong Shen,male,1.0
Yujie Fan,female,0.67
Ruifan Li,female,0.6
Songcan Chen,male,1.0
Chengjie Wang,male,0.84
Dixin Luo,male,0.61
Yi-Qi Hu,male,0.67
Mohamed R. Amer,male,0.98
Yangqiu Song,unknown,0.0
Carsten Lutz,male,1.0
Qiaozi Gao,female,0.5
José C. Príncipe,male,0.98
Zbigniew Lonc,male,1.0
Yong Cheng,male,0.89
Qian Li,male,1.0
Wei Wu,male,1.0
Joseph Y. Halpern,male,0.99
Luoqi Liu,male,0.75
Oktie Hassanzadeh,female,0.67
Christian Stricker,male,0.99
Zhen Lei,male,1.0
Peng He,male,1.0
Liang Lin,female,0.5
Hong-Xing Yu,unknown,0.0
Sagar Vare,male,0.99
Yuchao Li,male,0.86
Xingwang Ju,male,0.91
Xiaohui Bei,female,0.66
Stefano Teso,male,1.0
Rui Yan,female,0.71
Di Xie,male,0.5
Romain Wallon,male,0.99
Jianguo Hu,male,0.99
João Marques-Silva,male,0.99
Lin Ma,female,0.67
Mingyan Liu,female,0.61
Michalis Vazirgiannis,male,0.99
Xiangliang Zhang,male,0.89
Xiaowen Lin,female,0.8
Rong Chen,female,1.0
Tanya Braun,female,1.0
Abdeslam Boularias,male,0.98
Cheng Ouyang,male,0.63
Vijay Chandrasekhar,male,0.99
Junnan Zhu,male,0.8
Xiao-Li Li,female,0.67
Haris Aziz,male,0.98
Weizhi Nie,male,0.76
Nicola Basilico,male,0.81
Vincent Mousseau,male,0.99
Sebastian Bader,male,1.0
Yazhou Yao,male,0.85
Diodato Ferraioli,male,0.98
Huan Gao,male,0.89
Xiaofei He,female,0.56
Xi Liu,female,0.88
Yihong Zhao,female,0.51
Sen Wang,male,1.0
Xinghuo Yu,male,0.75
Jiamou Liu,unknown,0.0
David Sarne,male,1.0
Mingdong Ou,male,0.93
Jörg Hoffmann,male,1.0
Ding Liu,male,0.64
Martin Boissier,male,0.99
Jianshu Li,male,0.88
Qibin Zhao,male,0.93
Donghyeon Park,male,1.0
Jin Xie,male,0.67
Guandong Xu,male,1.0
Shichen Liu,female,0.53
Deng-Ping Fan,female,0.76
Sergiy Bogomolov,male,0.99
Arunesh Sinha,male,0.96
Shiming Xiang,male,0.69
Yuan Guo,male,0.53
Ganbin Zhou,male,0.58
Yujie Qian,female,0.67
Christophe Labreuche,male,1.0
Xiang Li,male,0.67
Taisuke Sato,male,1.0
Zhen Zhang,male,1.0
Kar Wai Lim,male,0.72
Chenggang Yan,male,1.0
Xiaopeng Yang,male,0.88
Ismail Ilkan Ceylan,male,0.97
Jaydeep Sen,male,1.0
Qiang Zhao,male,0.95
Han Yu,male,0.56
Peter Jonsson,male,1.0
Shen Gao,male,0.88
Jingze Chi,male,0.77
Yonggang Li,male,0.99
Chengwei Wang,male,0.96
Xuan Wu,male,1.0
Chen Hajaj,male,0.52
Yang Wang,male,1.0
Martin Müller,male,1.0
Peng Gao,male,0.92
Yuxuan Liang,male,0.52
Fahiem Bacchus,male,0.96
Pouyan Hatami,male,0.99
Shahar Dobzinski,male,0.64
Panos Rondogiannis,male,0.99
Linpeng Huang,male,0.93
Alberto Pozanco,male,1.0
Akshat Tandon,male,1.0
Andrea Passerini,female,0.69
Hailong Sun,male,0.98
Bill Howe,male,1.0
Hoifung Poon,male,0.92
Zhe Quan,male,0.75
Xuancheng Ren,male,0.75
Laura Onasch-Vera,female,0.99
Xiaowei Hu,female,0.52
Kang Liu,male,0.78
Nan Xue,female,0.86
Weiwei Sun,female,0.7
Peter Nightingale,male,1.0
Xiaoyuan Yi,female,0.62
Xiaojun Wan,male,0.68
Chenyang Wang,male,0.71
Junxiong Zhu,male,0.98
Lei Feng,male,1.0
Antonios Anagnostou,male,1.0
Tzu-Yun Shann,female,1.0
Jiejiang Chen,male,1.0
Zhongyang Li,male,0.87
Claudia Schulz,female,0.99
Hehe Fan,male,0.63
Xiaotian Han,male,0.74
Vojtech Rehák,male,0.99
Robert Krug,male,1.0
Dimitris N. Metaxas,male,1.0
Krishnendu Chatterjee,male,0.95
Daniel López Sánchez,male,0.99
Yunyun Deng,female,0.86
Jianbo Ye,male,0.97
Prachi Jain,female,1.0
Shikhar Murty,male,1.0
Francesca Lagioia,female,1.0
Nick Obradovich,male,0.99
Liming Zhao,male,0.66
Fandong Meng,male,0.75
Meng Fang,male,1.0
Tianbo Liu,male,0.97
Susana Fernández,female,1.0
Ruiqi Hu,female,0.92
Huan Li,male,0.89
Cao Liu,male,0.62
Li Wang,male,1.0
Biplav Srivastava,male,0.93
Xinchi Chen,female,0.71
Hui Chen,female,0.95
Kai Wang,male,1.0
Dinesh Raghu,male,0.99
Shanshan Jiang,female,0.95
Muhammad Zaheer,male,0.98
Magdalena Ortiz,female,1.0
Mario Alviano,male,0.99
Piotr Faliszewski,male,1.0
Atsuhiro Narita,male,1.0
Jianpeng Zhang,male,0.96
Michael F. Chiang,male,1.0
Pratik Saini,male,1.0
Tianshang Liu,male,0.52
Jun Wang,male,1.0
Saad Attieh,male,0.97
Shaull Almagor,male,1.0
Wufan Wang,male,0.8
Martin Lackner,male,0.99
Edward Cheung,male,1.0
Decheng Liu,male,1.0
Zhihui Lin,male,0.55
David S. Rosenblum,male,1.0
Sara Marie McCarthy,female,0.98
Peter Schachte,male,1.0
Sean L. Bowman,male,1.0
Yu Jiang,male,1.0
Jean Yang,female,0.62
Tongzheng Ren,male,1.0
Jaih Craddock,male,0.75
Yiwei Xiao,male,0.52
Mehmet A. Orgun,male,0.99
Miguel Araujo,male,1.0
Haizhou Zhao,male,0.98
Chao Zhang,male,0.83
Umar Asif,male,1.0
Lingbo Liu,male,0.52
Qiankun Shi,male,0.9
Donghui Wang,male,0.68
Qiang Wang,male,1.0
Markus Brenner,male,1.0
Jingjing Li,female,0.94
Rui Liu,male,0.97
Xiaoqian Wang,female,0.91
Alessandro Farinelli,male,1.0
Michael Bowling,male,1.0
Chanelle Lee,female,0.99
Yue Wu,male,1.0
Matthias Scheutz,male,1.0
Milos Hauskrecht,male,0.99
Guimei Liu,female,0.98
Shiva Jahangiri,male,0.78
Éric Grégoire,male,1.0
Fengli Zhang,female,0.9
Bart de Keijzer,male,1.0
Wang-Chien Lee,unknown,0.0
Marie-Hélène Masson,female,1.0
Ashish R. Mittal,male,1.0
Dilruk Perera,male,0.95
Gerald Berger,male,1.0
Hanbin Zhao,male,0.87
De-Ming Liang,male,1.0
Yong Luo,male,0.73
Cong Wang,male,0.95
Kewen Liao,male,0.84
Arpita Biswas,female,1.0
Xin Liu,female,0.64
Liangzhen Xia,male,0.75
Takuya Nishimura,male,1.0
Kee Yuan Ngiam,male,0.53
Ananya Sai,female,0.99
Zhenfeng Zhu,male,0.94
Patrick P. K. Chan,male,1.0
Yasunori Akagi,male,0.99
Zhao Li,female,0.5
Xiaojun Chang,male,0.68
Martha White,female,1.0
Michael R. Lyu,male,1.0
Xiangyang Xue,male,0.85
Shoushan Li,female,0.79
Erkun Yang,male,0.95
Jing Zhong,male,1.0
Qiaoyong Zhong,male,1.0
Renate A. Schmidt,female,1.0
Xiaofen Lu,female,0.98
Chaochao Chen,male,0.67
Jian Peng,male,1.0
Chen Chen,female,0.75
Roland Siegwart,male,1.0
Marcus Ritt,male,1.0
Chaojie Li,male,0.92
Nanyang Ye,female,0.54
Yanjie Fu,female,0.57
En Zhu,female,1.0
Lei Zhu,female,0.53
Álvaro Torralba,male,0.99
Xike Xie,male,0.71
Jihong Ouyang,male,0.7
Jintao Li,male,0.8
Pierre-Alexandre Murena,male,1.0
Jianye Hao,male,0.74
Mutian He,male,0.85
Naonori Ueda,male,1.0
Yangbin Zhang,male,0.93
Guihai Chen,male,1.0
Katsumi Inoue,male,0.73
Daniele Porello,male,0.92
Ece Kamar,female,0.96
Zheng Xie,male,0.92
Xizhe Zhang,male,0.75
Simon Lynch,male,0.99
Simona Ferrante,female,0.99
Xianchao Zhang,male,1.0
Volodymyr Kuleshov,male,1.0
Roger Zimmermann,male,1.0
Maosong Sun,male,0.83
Jiajin Li,male,0.75
Bart Bogaerts,male,1.0
Boyue Wang,male,0.73
Elizabeth A. Jensen,female,1.0
Haiqin Yang,female,0.79
Bibo Cai,male,0.78
Luo Si,male,0.62
Graham Wilcock,male,1.0
Paolo Dragone,male,1.0
Byung-Do Kim,male,1.0
Andreas Pieris,male,1.0
Jimmy S. J. Ren,male,0.99
Zhuowen Tu,male,0.7
Eyke Hüllermeier,male,0.64
Francesca Lunardini,female,1.0
Maria-Cristina V. Marinescu,female,0.99
Qiaoyu Tan,female,0.63
William Yeoh,male,1.0
Can Wang,male,0.96
Qi-Zhi Cai,unknown,0.0
Pudi Chen,male,0.81
Piero A. Bonatti,male,0.99
Kei Kimura,male,0.65
Joel Veness,male,0.99
Fuli Feng,male,0.7
Tao Zhuang,male,0.84
Jure Leskovec,male,0.97
Chu-Song Chen,unknown,0.0
Kohei Hayashi,male,1.0
Dong-Ok Won,male,0.67
Hoda Heidari,female,0.88
Xinlei Pan,female,0.5
Guansheng Zheng,male,1.0
Zhaoxiang Zhang,male,1.0
Xiang Ao,male,0.9
Christos Faloutsos,male,1.0
Siu Cheung Hui,female,0.88
Nuno Pombo,male,1.0
Graeme Gange,male,1.0
Chen Lin,female,0.58
Han-Jia Ye,unknown,0.0
Arthur Choi,male,1.0
Miaomiao Li,female,0.89
Yijin Cai,female,0.71
Mingyang Sun,male,0.82
Roberto Confalonieri,male,1.0
Yangyang Cheng,female,0.66
Xin Zhao,male,0.8
Achille Fokoue,male,0.99
Milad Alizadeh,male,0.98
Rong Jin,male,1.0
Zhiheng Wang,male,0.89
Amílcar Mata Díaz,male,0.99
Sangram Ganguly,male,0.98
Peng Wang,male,1.0
Yi Tay,female,0.57
Zhiming Ma,male,0.95
Beng Chin Ooi,female,0.51
Chuan Zhou,male,0.85
Shifeng Zhang,male,0.89
Runyao Duan,male,1.0
Erel Segal-Halevi,male,0.78
Hiroshi Takahashi,male,1.0
Zhou Yin,female,0.83
Felipe Meneguzzi,male,1.0
Kurt Luther,male,1.0
Zhuoqi Ma,male,0.57
Jungseul Ok,male,0.55
Junzhou Zhao,male,0.94
Luigi Sauro,male,0.99
Takanori Maehara,male,1.0
Weifeng Lv,male,0.94
Jizhou Huang,male,0.88
Chandan K. Reddy,male,0.99
Zengmao Wang,male,1.0
Dejiang Kong,male,1.0
Bo Ren,male,1.0
Guy Van den Broeck,male,0.99
Hélène Verhaeghe,female,1.0
Haoteng Yin,male,1.0
Colin Paul Joy,male,1.0
Yi-Ming Chan,male,1.0
Warut Suksompong,male,0.99
Wei Wang,male,1.0
Ming Zhang,male,1.0
Zhangyang Pang,male,1.0
Ken-ichi Kawarabayashi,male,1.0
Can Serif Mekik,male,0.95
Wenhai Wang,male,0.96
Ya Zhang,male,0.53
Jingfang Xu,female,0.82
Guanfeng Liu,male,0.9
Pong C. Yuen,male,0.71
Shanfeng Wang,male,0.81
Francesco Belardinelli,male,1.0
Seongsoon Kim,male,1.0
Sai Abinesh,male,1.0
Zhaohui Wu,male,0.69
Yanwei Fu,male,0.61
Ziwei Zhang,female,0.64
Jingrui He,male,0.52
Tomoharu Nagao,male,1.0
Taiki Miyanishi,male,0.99
Shuming Shi,male,0.71
Chen Fu,male,1.0
Ming Liu,male,1.0
Fei Xie,male,0.54
Yang He,male,0.58
Iyad Rahwan,male,0.91
Yuxing Peng,male,0.58
Jian Gao,male,0.86
Alexandre Perez,male,0.99
Ramón Pino Pérez,male,0.99
Dhanya Sridhar,female,0.99
Xi Zhang,female,0.88
Preksha Nema,female,1.0
Qiangpeng Yang,male,0.58
Danushka Bollegala,male,0.85
Bjarke Felbo,male,1.0
Thomas Vandal,male,1.0
Jin Li,female,1.0
Ming Yang,male,0.92
Gaurav Gupta,male,1.0
Wenmeng Zhou,female,0.5
Evan Kodra,male,0.98
Jinglin Chen,female,0.67
Yangchen Pan,female,0.93
Pierre Sens,male,0.99
Jinwei Qi,male,0.83
Zhen Huang,male,0.85
Andrew Kimmel,male,1.0
Lin Xiong,male,1.0
Xu Han,male,0.62
Canyi Lu,female,0.5
Risheng Liu,male,1.0
Yen-Yu Lin,male,0.68
Rui Zhang,male,0.97
Jian Li,male,0.6
Chunyu Xie,male,0.62
Fabrizio Sebastiani,male,1.0
Xiaobo Shen,male,0.83
Xiao Dong,male,0.67
Martin Wermelinger,male,0.99
Kristian Kersting,male,0.97
Sanjiban Choudhury,male,1.0
Bingyi Kang,male,0.53
Hailun Lin,female,0.63
Junbin Gao,male,0.97
Hong-Yu Zhou,male,0.95
Dongxiao He,male,0.71
Fabio Papacchini,male,1.0
Inês Lynce,female,1.0
Yazhou Zhang,male,0.85
Nicholas R. Jennings,male,1.0
Ningzi Yu,female,1.0
Sugiri Pranata,male,1.0
Luciano Serafini,male,1.0
Chao Li,male,1.0
Yongdong Zhang,male,0.97
Rongrong Ji,female,0.9
Yingying Shan,female,0.98
Valentina Presutti,female,0.99
Nandini Ramanan,female,0.99
Jinguang Sun,male,1.0
Lavindra de Silva,male,0.8
Mark D. Feblowitz,male,1.0
Stefan Harrer,male,0.99
Dominique Longin,male,0.52
Robert Mattmüller,male,1.0
Michael Morak,male,1.0
Sheng Hu,male,1.0
Olabambo I. Oluwasuji,male,0.55
Hisashi Kashima,male,1.0
Stefan Lüdtke,male,0.99
Ying Zhang,female,0.5
Yongli Hu,male,0.54
Matthew J. Hausknecht,male,1.0
Guodong Zhou,male,0.98
Christian J. Muise,male,0.99
Julie A. Shah,female,0.99
Felix Brandt,male,0.99
Guang-Yuan Hao,unknown,0.0
Jarrett Holtz,male,1.0
Rainer Schlosser,male,0.99
Rupayan Chakraborty,male,0.95
Suhua Tang,female,0.89
Haiping Su,male,0.55
Nicholas Roy,male,1.0
Iwo Bladek,male,0.77
Igor Stéphan,male,1.0
Hailong Cao,male,0.98
Xian Hu,male,0.64
Jiangrong Shen,female,0.6
Szu-Yu Chou,female,0.8
Wenjie Ruan,male,0.7
Zhanyong Tang,male,0.9
Emmanuel Rachelson,male,0.99
Jiajie Xu,male,0.78
Yuki Yamanaka,female,0.75
Xudong Mao,male,0.98
Wentao Ouyang,male,0.93
Tian Han,male,1.0
Ke Deng,male,0.84
Yiming Zhang,male,0.93
Hui Qian,female,1.0
Yiping Song,female,0.63
Xin Wang,male,0.67
Han Liu,male,0.62
Wei Chen,male,0.76
Robert Ganian,male,1.0
Erion Plaku,male,0.98
Zijun Yao,male,0.88
Brian Leo Quanz,male,1.0
Kai Li,female,0.78
Siddharth Srivastava,male,1.0
Jiaqi Guan,female,0.92
Juntao Li,male,0.92
Jorge A. Baier,male,1.0
Pavel Surynek,male,0.99
Tao Zhou,male,0.84
Wenxin Li,female,0.78
Xiang Li,male,0.67
Kazuhisa Makino,male,1.0
Yunhao Tang,male,0.88
Erwan Giry-Fouquet,male,0.99
Françoise Fogelman-Soulié,female,0.99
Dawei Li,male,0.98
Tomás Lozano-Pérez,male,1.0
Koos van der Linden,male,0.95
Yaohui Jin,male,0.81
Keiichi Morikuni,male,0.99
Junjie Chen,male,0.98
Chen Gong,male,0.7
Ninghao Liu,male,0.57
Ling Chen,female,1.0
Michael Dorna,female,1.0
Sri Harsha Dumpala,male,0.66
Quangui Zhang,male,0.55
Joshua Blinkhorn,male,1.0
Tim Meo,male,1.0
Bo Yan,female,0.67
Frans A. Oliehoek,male,0.99
Depu Meng,male,0.87
James Piavis,male,1.0
Zijian Li,male,0.96
Matthew C. Gombolay,male,1.0
Shenghua Liu,male,0.75
Stefan Sarkadi,male,0.99
Yingzi Wang,female,0.91
Yan Wang,male,1.0
Hong Yang,male,0.95
Ying Cai,female,1.0
Yipeng Zhang,male,0.87
Wolfgang Bibel,male,1.0
Yue Liu,female,0.67
Junchi Yan,male,0.82
Adi Botea,male,0.72
Qiang Liu,male,0.95
Qingheng Zhang,male,0.67
Yue He,female,0.67
Liang Li,male,0.92
Sunghoon Hong,male,0.99
Jun Zhao,male,0.75
Yueh-Chuan Chang,unknown,0.0
Yin Li,female,0.88
Amanda Yoshioka-Maxwell,female,1.0
Francesca Toni,female,1.0
Zhendong Lei,male,1.0
Dinh Q. Phung,female,0.67
Yonatan Aumann,male,0.99
Lingling Yi,female,0.96
Jay Pujara,male,0.97
Yao Ni,female,0.77
Jiamei Fu,female,0.98
Kenji Yamanishi,male,0.99
Jinkun Lin,male,0.81
Sushmita Gupta,female,0.99
Wenying Hou,female,0.9
Xingxing Zhang,female,0.55
Ting Zhong,male,1.0
Giannis Nikolentzos,male,0.99
Diego de Uña,male,1.0
Gianmarco De Francisci Morales,male,1.0
Longbiao Wang,male,1.0
Nick G. Duffield,male,0.99
Yuting Su,female,0.98
Harikrishna Narasimhan,male,0.99
Masrour Zoghi,male,0.82
Xiang Liu,male,0.9
Siddharth Barman,male,1.0
Fernando Martínez-Plumed,male,1.0
Sivasubramanian Anbalagan,male,0.98
Jadwiga Sosnowska,female,0.99
Yanjun Wu,male,0.52
Dong Quan Vu,male,0.87
Yang Wang,male,1.0
Stefan Mengel,male,0.99
Tom Young,male,0.99
Mitesh M. Khapra,male,1.0
Blai Bonet,male,0.94
Guoxian Dai,male,0.93
Reza Shokri,male,0.98
Mingsheng Long,male,0.96
Jin Wang,male,1.0
Shahar Ovadia,male,0.64
Yann Chevaleyre,male,0.99
Fen Lin,female,0.65
Biao Qin,male,0.98
Zehong Hu,male,0.92
Wenya Wang,female,0.81
Jianjun Zhou,male,0.95
Andrew Markham,male,1.0
Enhong Chen,female,0.5
Steven Gustafson,male,1.0
Di Jin,male,0.5
Jian-Yun Nie,unknown,0.0
Zhijie Wang,male,0.87
Xiaopeng Wang,male,0.88
Jiajie Yu,male,0.78
Hari Govind V. K.,male,0.99
Jing Lu,female,0.5
Cheng Wan,male,0.56
Shaoping Ma,female,0.6
Wen Li,female,0.73
Ruixun Zhang,male,1.0
Pierre Marquis,male,0.99
Madalina Croitoru,female,0.99
Alexandre Fréchette,male,0.99
Xipeng Chen,male,1.0
Manthos Letsios,male,1.0
Xin Fan,male,1.0
Xiangyuan Lan,male,0.69
Jie Liu,male,0.52
Liren Shan,male,0.61
Cheng Deng,male,0.63
Nicola Leone,male,1.0
Shaohui Lin,male,0.75
Julien Lesca,male,0.99
Fan Ding,female,0.76
Alireza Farhadi,male,0.99
Talal Rahwan,male,0.98
Wei Zhang,male,1.0
Chun Kai Ling,male,0.91
Jie Zhang,male,0.52
Pasqualina Fragneto,female,0.99
Shao-Bo Lin,unknown,0.0
Zhu Zhang,male,0.52
Radu Marinescu,male,0.94
Cewu Lu,female,0.86
Xin Xia,female,0.64
Duligur Ibeling,male,1.0
Bo Li,male,1.0
Shulian Cai,female,0.71
Jie-Hong R. Jiang,unknown,0.0
Carmine Ventre,male,0.99
Niki Trigoni,female,0.69
Bin Chen,male,0.95
Tiange Liu,female,0.69
Shirin Sohrabi,female,0.98
Debadeepta Dey,unknown,0.0
Jing Li,female,0.67
David C. Parkes,male,1.0
Yingwu Chen,male,0.83
Christophe Gravier,male,1.0
Yongliang Li,male,1.0
Qingkui Chen,male,0.75
Hanyuan Zhang,male,0.64
Rohit Singh,male,0.97
Vangelis Markakis,male,0.98
Xiaochun Yang,female,0.51
Changqing Zhang,male,0.86
Peng Tian,male,1.0
Xingyu Xie,male,0.61
Argyrios Deligkas,male,1.0
Daniel Le Berre,male,0.99
Lina Yao,female,0.98
Huaqing Min,male,0.64
Noam Hazon,male,0.75
Shaohua Yang,male,0.69
Sefi Erlich,male,0.51
Zijia Lin,female,0.55
Jiaming Xu,male,0.95
Chao Gan,male,0.83
Dongdong Chen,male,0.72
Branislav Bosanský,male,0.99
Matteo Tonelli,male,1.0
Zhongyue Huang,female,0.55
Chi-Keung Tang,male,1.0
Yu Qi,female,0.77
Miguel Couceiro,male,1.0
Hengchang Liu,male,1.0
Liang Wan,male,1.0
Hang Su,female,0.83
Si Liu,male,0.62
Cheng-Te Li,male,1.0
Lifan Zhao,male,0.63
Shiwan Zhao,male,0.82
Liufang Sang,male,0.86
Jiaming Song,male,0.95
Zhangyin Feng,male,1.0
Ye Wang,male,0.57
Makoto Imamura,male,0.97
Enrico Scala,male,1.0
Juan M. Corchado,male,0.99
Karthika Mohan,female,0.99
Dengji Zhao,male,1.0
Christer Bäckström,male,1.0
Filippo Bistaffa,male,1.0
Bin Guo,male,0.95
Feng Xu,male,1.0
Jonathan Li,male,1.0
Faraz Torabi,male,0.99
Miroslaw Truszczynski,male,1.0
Peilin Zhao,female,0.75
Guoxian Yu,male,0.93
Yuan Jiang,male,0.53
Qiang Gao,male,0.95
An Tao,male,1.0
Vitor Bosshard,male,1.0
Chuangjie Ren,unknown,0.0
Shiqi Zhang,female,0.77
Junlin Yao,male,0.78
Decheng Gao,male,1.0
Meng Ge,male,0.66
Yong Yu,female,0.64
Robert Platt Jr.,male,1.0
Guoliang Kang,male,0.99
Casey Jisoo Hong,female,0.9
Chao Qian,male,0.81
Tong Lu,male,1.0
Fumin Shen,male,0.91
Liyuan Li,female,0.68
Long Chen,male,0.96
Tielin Zhang,male,1.0
Antoine Gourru,male,0.99
Yunpeng Chen,male,0.98
Noseong Park,male,0.8
Georgios Birmpas,male,1.0
Benjamin Lubin,male,1.0
Xiangyu Yue,male,0.69
Fan Zhou,female,0.76
Jinfeng Yi,male,0.52
Yew-Soon Ong,female,0.6
Junwei Han,male,0.93
Momo Matsuda,male,0.74
Lise Getoor,female,0.99
Jun Xu,male,1.0
Xiaoyong Du,male,0.93
Jianda Chen,male,1.0
Hongyuan Zha,male,0.84
Chenglu Wen,male,0.77
Corine M. Laan,female,0.99
Nataliia Rümmele,female,0.99
Zhao Kang,male,0.78
Filippo Furfaro,male,1.0
Li Liu,female,0.67
Yifan Yan,male,0.56
Lijun Zhang,female,0.65
Xin Gao,female,0.64
Liang Hu,male,1.0
Sriraam Natarajan,male,0.92
Marco Hutter,male,1.0
Charles Lesire,male,1.0
Judy Hanwen Shen,female,1.0
Daniel Seita,male,0.99
Matthias Schubert,male,1.0
Laurent Garcia,male,0.99
Christian Kroer,male,0.99
Lei Cui,female,0.53
Conghui Zhu,female,0.68
Tom Everitt,male,0.99
Wei Gao,male,1.0
Piyush Rai,male,1.0
Reinald Kim Amplayo,male,1.0
Yang Yu,female,0.6
Jia Wu,male,1.0
Jungong Han,unknown,0.0
Yonggyu Park,male,1.0
Zhiyong Cheng,male,0.97
Rory Duthie,male,0.82
Chao Gao,male,0.83
Tom Hope,male,0.99
Gabriele Farina,male,0.86
Lizhuang Ma,female,0.75
KaWai Chen,male,0.72
Nicola Gatti,male,0.81
Yanping Xiang,female,0.85
Kun Yuan,female,1.0
Longkun Guo,male,1.0
Paramita Mirza,female,0.98
Zheng Wang,male,1.0
Marco Lippi,male,1.0
Jun Li,female,0.52
Jun Li,female,0.52
Jun Baba,male,0.85
Pengcheng Wang,male,0.96
Christian Zeyen,male,0.99
Heng Luo,male,0.88
Peng-Tao Jiang,unknown,0.0
Wenfeng Feng,male,0.87
Sayash Kapoor,female,0.5
Aming Wu,male,0.87
Xuemeng Song,female,0.81
Marta Romeo,female,0.99
Jingdong Wang,male,0.76
Jing Li,female,0.67
Haiqing Chen,male,0.58
Chuanqi Tan,male,0.92
Nikhil Bhargava,male,1.0
Pheng-Ann Heng,male,0.88
Bradford W. Mott,male,0.88
Hong Zheng,male,1.0
Lijun Zhang,female,0.65
Hanghao Wu,male,1.0
Zixuan Deng,female,0.62
Valerio Basile,male,0.99
Jufeng Yang,male,0.92
Dongxu Li,male,0.88
Scott Sanner,male,1.0
Pingyang Dai,male,0.8
Hang Yu,female,0.59
Fadri Furrer,male,0.95
Yue Xu,female,0.67
Liangchen Liu,male,0.79
Giuseppe De Giacomo,male,0.99
Yueting Zhuang,female,0.89
Armin Moharrer,male,0.98
J. Christopher Beck,male,1.0
Bo An,male,1.0
Zequn Sun,male,0.8
Kan Wu,male,0.81
Guanghui Wang,male,0.89
Bin-Bin Gao,male,0.6
Changjie Fan,male,0.94
Weiran Huang,female,0.58
Jerry Swan,male,0.99
Pan Bian,female,0.58
Yang Liu,male,0.58
Saeid Amiri,male,0.98
Yuhan Quan,female,0.87
Mingliang Xu,male,0.95
Xiaoming Li,male,0.79
Mathijs de Weerdt,male,1.0
Xuelun Shen,female,0.58
Jingqiu Zhang,female,0.71
Chengzhang Zhu,male,0.91
Xuemiao Xu,female,0.78
Gundeep Arora,male,0.85
Éric Würbel,male,0.99
Aswin Raghavan,male,0.97
Simon Fossier,male,0.99
Carlotta Domeniconi,female,1.0
Tyler M. Frasca,male,0.99
Evan A. Krause,male,0.98
Nazli B. Karimi,female,0.95
Simon Razniewski,male,0.99
Manuel Heusner,male,0.99
Matthew Groh,male,1.0
Tyler Wilson,male,0.99
Noah Golowich,male,0.97
Sung-Hyun Son,male,0.95
Lan Yi,female,0.57
Lingtao Meng,male,0.86
Xiaojie Wang,female,0.55
Motoki Sato,male,1.0
Yulong Pei,male,0.97
Nirav Ajmeri,male,1.0
Jian Wu,male,0.83
Wei Hu,male,0.69
Xiaoshuai Sun,male,0.87
Adam White,male,0.98
Xirong Li,male,0.54
Ming Tang,male,1.0
Minnan Luo,male,0.67
Yuhong Guo,female,0.67
Ron Lavi,male,0.99
Sicheng Zhao,male,0.8
Kyle Hollins Wray,male,0.99
Chunhua Shen,female,0.75
Cristina Feier,female,0.99
Zhouyingcheng Liao,male,0.52
Yen-Shi Wang,unknown,0.0
Julian A. Padget,male,0.99
James Wetter,male,1.0
Guanghui Yu,male,0.89
Yuanbo Wang,male,0.91
Krzysztof Krawiec,male,1.0
Jia-Hong Lee,male,1.0
Xin Tong,female,0.94
Ron Sun,male,0.99
Liqiang Nie,male,0.99
Senzhang Wang,unknown,0.0
Ariel Felner,male,0.83
Seungjoo Yoo,male,0.64
Willem H. Zuidema,male,0.99
Nicolas Peltier,male,1.0
Sarah M. Erfani,female,0.99
Aishwarya Chhabra,female,1.0
SungMin Rhee,male,0.89
Ke Wang,male,0.84
Marlos C. Machado,male,1.0
Zhenzhe Zheng,male,1.0
Michael Mathioudakis,male,1.0
Hao Zhou,male,0.87
Jiayu Zhou,female,0.7
Yu Wang,male,1.0
Huihui Wei,female,0.84
Michael Zakharyaschev,male,1.0
Haoran Li,male,0.97
Haifeng Wang,male,0.93
Bowen Zhou,male,0.58
Shujian Wang,male,0.93
Leandro Soriano Marcolino,male,1.0
Heyan Huang,male,0.56
Linchao Zhu,male,1.0
Mikko Koivisto,male,0.99
Pascal Poncelet,male,0.99
Yu Qiao,female,0.8
Felipe W. Trevizan,male,1.0
Zheng Qin,male,0.75
Bo Yang,female,0.5
Yu Zhu,female,1.0
Stephan Baier,male,1.0
Javier Fernández-Marqués,male,1.0
Hoai An Le Thi,female,0.56
Amit Sangroya,male,0.94
Jiawei Zhang,male,0.75
Michael Bendersky,male,1.0
Masanori Suganuma,male,1.0
Hao Cheng,male,0.85
Brett Drury,male,1.0
Lichen Wang,female,0.66
Jianmin Wang,male,0.83
Zhi Jin,male,0.6
Peng Zhou,male,1.0
Antoine Mottet,male,0.99
Adam Jatowt,male,0.98
Hao Chen,male,0.8
Andrew Patterson,male,1.0
Jiaxu Ma,male,0.67
Qiang Zhang,male,1.0
Liang Yang,male,0.75
Henri Prade,male,0.98
Zhou Yu,female,0.5
Xianming Liu,male,0.9
Goce Trajcevski,male,0.97
Arthur Queffelec,male,1.0
Anahita Mohseni-Kabir,female,0.99
Dong Hao,male,1.0
Christopher Jefferson,male,1.0
Xia Hu,female,0.92
Yuan Fang,female,0.5
Wendy Hall,female,0.99
Shuicheng Yan,male,1.0
Hui Wang,female,0.5
Yunwen Lei,female,0.74
Deng Cai,male,0.6
Zhi-Hua Zhou,female,1.0
Swapna Buccapatnam,female,0.99
Yili Fang,female,0.82
José Hernández-Orallo,male,0.98
Xiangdong Zhou,male,0.95
Julian J. McAuley,male,0.99
Srdjan Vesic,male,0.99
Albert Xin Jiang,male,0.99
Ramamohanarao Kotagiri,male,1.0
Zichuan Lin,male,0.94
Rui Yan,female,0.71
Xian-Sheng Hua,unknown,0.0
Shichao Zhang,male,0.86
Yang Liu,male,0.58
Zhouchen Lin,male,0.6
Chunhong Pan,female,0.55
Kanupriya Agarwal,female,0.89
Qi Wang,male,1.0
Jin Gao,male,1.0
Francesco Leofante,male,1.0
Shengyu Zhang,male,0.8
Nicolas Troquard,male,1.0
Yueming Wang,female,0.57
Huan Vu,male,0.89
Christopher Morris,male,1.0
Weihao Cheng,male,0.99
Li Song,male,0.75
Ge Zhang,male,0.58
Tu Dinh Nguyen,female,0.54
Zhihua Wang,male,0.76
Sunbeom So,unknown,0.0
Yun Fu,male,1.0
Alberto L. Sangiovanni-Vincentelli,male,1.0
Zhicong Lu,male,0.97
Min Zhang,male,0.56
Sinno Jialin Pan,female,0.91
Linyu Zheng,female,0.59
Dongliang Liao,male,0.98
Zhicheng He,male,0.96
Bo Yao,male,0.77
Shengmei Shen,female,0.9
Antonio Rago,male,1.0
Zhiping Cai,male,0.64
Zheshan Hu,male,0.88
Cao Xiao,female,0.56
Junfu Pu,male,1.0
Yuxin Peng,female,0.94
Jundong Li,male,0.97
Sébastien Lê Cong,male,1.0
Pablo Barceló,male,1.0
Richang Hong,male,0.71
Alberto Camacho,male,1.0
Hiroyuki Shindo,male,1.0
Guojing Cong,male,0.73
Lijing Wang,female,0.84
Yukino Baba,female,0.98
Mantas Simkus,male,1.0
Martin Mladenov,male,0.99
André Grahl Pereira,male,0.99
Irene Finocchi,female,0.99
Wen Gao,male,1.0
Sergio Greco,male,1.0
Martin Ester,male,1.0
Long Tran-Thanh,male,0.96
Kun Chen,male,1.0
Roberto Navigli,male,1.0
Hongyu Ren,male,0.9
Wenjie Zhang,male,0.7
Cheng Niu,male,0.63
Nardine Osman,female,0.92
Jie Tang,male,0.52
Jian Yang,male,1.0
Paul Saikko,male,1.0
Manuel Campos,male,1.0
Xuanyi Dong,female,0.72
Yanhua Yang,female,0.86
Kewen Wang,male,0.84
Rui Xia,female,1.0
Yi-Min Chou,male,0.64
Ian P. Gent,male,1.0
Yongmei Liu,female,0.96
Kechao Cai,male,1.0
Zhiqi Shen,female,0.59
Gregor Behnke,male,1.0
Jihong Zhu,male,0.7
Haifeng Lu,male,0.93
Wei Qian,female,0.53
Jiangzhang Gan,male,0.65
Lei Shi,female,1.0
Zizhao Zhang,male,0.72
Makoto Yokoo,male,0.97
Cheng Gong,male,0.63
Xiaoyang Wang,male,0.58
Jingkuan Song,male,1.0
Alonso Silva,male,1.0
Guolei Yang,male,0.86
Trung Le,male,0.99
Hengshu Zhu,female,1.0
Disheng Dong,male,0.93
Anderson Rocha Tavares,male,0.98
Weiming Hu,male,0.94
Phebe Vayanos,female,0.99
Yaming Sun,male,0.63
Ivor W. Tsang,male,0.99
Tao He,male,0.84
Weiqing Liu,male,0.65
Jani Bizjak,male,0.82
Matteo Luperto,male,1.0
Richard Evans,male,1.0
Yu Tian,female,0.64
Christel Vrain,female,0.99
Min-Ling Zhang,female,1.0
Yuji Matsumoto,male,0.99
Gabriele Röger,male,0.86
Anran Wang,female,0.58
Xian Teng,male,0.64
Mang Ye,male,0.76
Wang-Cheng Kang,male,1.0
George J. Pappas,male,0.99
François Schwarzentruber,male,0.99
Changchun Li,male,0.96
Pinggang Yu,male,1.0
Peiyong Duan,male,0.61
Delu Zeng,male,0.67
Martin Gebser,male,0.99
Tianyu Liu,male,0.69
Yike Ma,female,0.56
Minghao Yin,male,0.97
Fuzhen Zhuang,female,0.6
Stephen P. Boyd,male,1.0
Fuzheng Zhang,male,0.8
Tahrima Rahman,female,0.97
Kun Ouyang,male,0.78
Yong Liu,male,1.0
Jun Wang,male,1.0
Adith Swaminathan,male,0.79
Bai Wang,male,0.52
Sven Koenig,male,1.0
Amulya Yadav,female,0.92
Jorge Pérez,male,1.0
Simone Villa,female,0.57
Qun Liu,female,0.52
Jinyeong Yeo,female,0.68
Jonathan Ben-Naim,male,1.0
Xiaolong Wang,male,0.97
Qiang Du,male,0.95
Zhourong Chen,male,1.0
Mooly Sagiv,female,0.91
Yuanfang Guo,female,0.55
Yao Lu,female,1.0
Andreas Niskanen,male,1.0
Haojie Lin,male,0.96
Hongke Zhao,male,0.75
Hongzhi Yin,male,0.96
Michela Milano,female,0.99
Xin Li,female,0.83
Zhongxuan Luo,male,1.0
Xiaojie Jin,female,0.55
Riquan Chen,male,1.0
Yang Wu,male,0.58
Rui Ye,male,0.97
Zhihong Zhang,male,0.71
Kaiqi Huang,male,0.51
Donovan Lo,male,1.0
Obaid Malik,male,1.0
Sebastian Schmoll,male,1.0
Martin Pavlovski,male,0.99
Jia Jia,female,0.89
Matthew E. Taylor,male,1.0
Wengang Zhou,male,0.95
Marta R. Costa-jussà,female,0.99
Xiuwen Yi,female,0.73
Wenjia Meng,female,0.79
Chen Chu,female,1.0
Wanxiang Che,male,1.0
Edoardo Manino,male,1.0
Xinyi Xu,female,0.98
Abdallah Saffidine,male,0.98
Anja Rey,female,0.99
Yuzhao Mao,male,0.94
Wentao Liu,male,0.93
Bo Li,male,1.0
Klaus-Robert Müller,male,1.0
Ruida Zhou,female,0.82
Dongyan Zhao,female,0.8
Zhiwen Yu,male,0.79
Yi Zeng,male,1.0
Yuzhong Qu,male,0.93
Xiaoqing Gong,female,0.82
Chenrui Zhang,female,0.62
Jun Xiao,male,0.75
Xinbo Gao,male,0.83
Yi Wang,male,1.0
Sujoy Sikdar,male,0.98
Aniello Murano,male,0.99
Yonghao Luo,male,0.98
Nicholas Mattei,male,1.0
Yonggang Wen,male,0.99
Rui Zhang,male,0.97
Shaowei Cai,male,0.78
Xing Xie,male,0.59
Gilbert Müller,male,0.99
Quratul-ain Mahesar,female,1.0
Xin Huang,female,0.64
Gengshen Wu,male,0.83
Wei Zhao,male,0.67
Ilya O. Ryzhov,male,0.97
Matthias Kohler,male,1.0
Stefan Woltran,male,0.99
Yuechen Wu,female,0.52
Jianbo Li,male,0.97
Melih Abdulhayoglu,male,0.99
Qixiang Wang,male,0.89
Zheng Wu,male,1.0
William Yang Wang,male,1.0
Haojie Li,male,0.96
Tathagata Chakraborti,male,0.98
Jesse Thomason,male,0.98
Baochang Zhang,male,0.91
Yan Zhu,female,1.0
Xiaowei Tong,female,0.52
Tiejun Zhao,male,0.9
Yi Niu,female,0.57
Allan Borodin,male,1.0
Antti Hyttinen,male,1.0
Dit-Yan Yeung,unknown,0.0
Hongxia Yang,female,0.97
Kai Zheng,male,1.0
Trong Dinh Thac Do,male,0.79
Rachel K. E. Bellamy,female,1.0
Tuomas Sandholm,male,1.0
Thi-Bich-Hanh Dao,male,0.57
Yanchi Liu,female,0.6
Yi-Hsuan Huang,female,0.78
Long Yang,male,0.58
Quan Wang,male,1.0
Samir Aknine,male,0.98
Xiao Wang,female,0.56
John H. Drake,male,1.0
Fabio Stella,male,1.0
Xintao Wu,male,0.84
Laizhong Cui,female,0.57
Jun Wang,male,1.0
Kejing Yin,female,0.66
Ping Zhang,female,0.61
Jinhui Tang,male,0.69
Bin Yao,male,0.95
Chun-Yi Lee,male,0.7
Miguel Terra-Neves,male,1.0
Michele Lombardi,female,0.54
Domenico Lembo,male,1.0
Zhangyang Wang,male,1.0
Vinicius Renan de Carvalho,male,0.99
Xuanjing Huang,female,0.83
Volker Tresp,male,1.0
Feng Qian,male,0.81
Holger H. Hoos,male,1.0
Qi Zhang,male,0.85
Lawrence Carin,female,0.98
Phan Duy Nhat,male,0.97
Jingjing Wang,female,0.94
Yang Li,female,0.63
Shuqin Gu,female,0.91
Robert J. Woodward,male,1.0
Yeqing Liu,female,0.72
Qi Liu,male,0.85
Francesca Rossi,female,1.0
Daoming Lyu,male,0.92
András Z. Salamon,male,0.99
Zhipeng Luo,male,0.97
Lirong He,female,0.8
Xiang Cheng,male,1.0
Yan Chen,male,0.63
Ping Tan,female,0.67
Mohan S. Kankanhalli,male,0.99
Susan Craw,female,1.0
Nino Arsov,male,0.74
Matti Järvisalo,male,0.96
Jiabin Huang,male,0.91
Kartik Talamadupula,male,0.99
Edoardo Pirovano,male,1.0
Daniel Berend,male,0.99
Guoqiang Han,male,0.99
Hendrik Baier,male,1.0
Takahiro Miyoshi,male,1.0
Songyu Ke,male,0.73
Riccardo Rosati,male,1.0
Yuguang Yan,male,0.96
Patrik Haslum,male,0.99
Baoxiang Wang,male,0.75
Yi Fang,female,0.95
Florian Brandl,male,1.0
Xipeng Qiu,male,1.0
Lei Luo,female,0.53
Winston Carlile,male,0.99
Anton Gradisek,male,0.99
Eduard Eiben,male,1.0
Bernhard Nebel,male,1.0
Huawei Shen,male,0.78
Yacine Izza,male,0.95
Tong Xu,male,0.85
Vu Nguyen,male,1.0
Hongyi Su,male,0.71
Paolo Ciancarini,male,1.0
Gen Li,female,1.0
Danica Kragic,female,0.99
Di Ma,female,0.5
Yang Cao,male,0.58
Yu-Gang Jiang,female,0.5
Mingyue Shang,female,0.77
Xiaojie Guo,female,0.55
Paolo Pareti,male,1.0
Liang Zhao,male,1.0
Di Wang,male,0.5
Qingming Huang,male,0.96
Xiaoyan Zhu,female,0.95
Lipeng Zhang,male,0.61
Bing Yu,female,0.5
Jiebo Luo,male,0.73
Changsheng Li,male,0.97
Steven Schockaert,male,1.0
Koichi Shinoda,male,1.0
Yong Liu,male,1.0
Sari Saba-Sadiya,female,0.87
Jayashree Karlekar,female,0.99
Andrea Turrini,female,0.69
Wei Zhang,male,1.0
Vibhav Gogate,male,1.0
Shihao Li,male,0.97
Yuan Feng,male,0.9
Hongxia Jin,female,0.97
Xiaowei Huang,female,0.52
Shih-Yang Su,male,1.0
Tong Zhao,male,1.0
Daria Stepanova,female,0.99
Nan Wang,female,0.86
Sébastien Konieczny,male,1.0
Marcello D'Agostino,male,1.0
Jie Xu,male,1.0
Vincent Conitzer,male,0.99
Honglun Zhang,male,0.83
Yung-Yu Chuang,male,0.75
Benny Kimelfeld,male,0.95
Chuan Shi,male,0.85
Xiaopeng Wei,male,0.88
Pang-Ning Tan,unknown,0.0
Sebastian Tschiatschek,male,1.0
